adejneka=Alexey Dejneka <adejneka>
afuchs=Andreas Fuchs <afuchs@common-lisp.net>
ahefner=Andy Hefner <ahefner@common-lisp.net>
hefner1=Andy Hefner <ahefner@common-lisp.net>
bhaible=Bruno Haible <bhaible@common-lisp.net>
bmastenbrook=Brian Mastenbrook <bmastenbrook@common-lisp.net>
brian=Brian Spilsbury <brian>
boninfan=Julien Boninfan <boninfan>
cfruhwirth=Clemens Fruhwirth <cfruhwirth@common-lisp.net>
crhodes=Christophe Rhodes <crhodes@common-lisp.net>
cvs=CVS pserver daemon <cvs>
dbarlow=Dan Barlow <dbarlow@common-lisp.net>
dlichteblau=David Lichteblau <dlichteblau@common-lisp.net>
drose=Duncan Rose <drose@common-lisp.net>
duncan=Duncan Rose <drose@common-lisp.net>
gbaumann=Gilbert Baumann <gbaumann@common-lisp.net>
gilbert=Gilbert Baumann <gbaumann@common-lisp.net>
hatchond=Iban Hatchondo <hatchond>
junrue=Jack Unrue <junrue@common-lisp.net>
kevin=Kevin Rosenberg <kevin>
leto=Lionel Salabartan <leto>
mikemac=Mike McDonald <mikemac>
mretzlaff=Max-Gerd Retzlaff <mretzlaff@common-lisp.net>
pixel=Edena Pixel <pixel>
pscott=Peter Scott <pscott@common-lisp.net>
rgoldman=Robert Goldman <rgoldman@common-lisp.net>
rouanet=Arnaud Rouanet <rouanet>
rschlatte=Rudi Schlatte <rschlatte@common-lisp.net>
rstrandh=Robert Strandh <rstrandh@common-lisp.net>
strandh=Robert Strandh <rstrandh@common-lisp.net>
thenriksen=Troels Henriksen <thenriksen@common-lisp.net>
tmoore=Timothy Moore <tmoore@common-lisp.net>
moore=Timothy Moore <tmoore@common-lisp.net>
varkesteijn=Vincent Arkesteijn <varkesteijn@common-lisp.net>
gpfeil=Greg Pfeil <gpfeil@common-lisp.net>
dmurray=Dave Murray <dmurray@common-lisp.net>
