alendvai=Attila Lendvai <alendvai@common-lisp.net>
aruttenberg=Alan Ruttenberg <aruttenberg@common-lisp.net>
asimon=Andras Simon <asimon@common-lisp.net>
bdowning=Brian Downing <bdowning@common-lisp.net>
crhodes=Christophe Rhodes <crhodes@common-lisp.net>
dbarlow=Dan Barlow <dbarlow@common-lisp.net>
dcrosher=Douglas Crosher <dcrosher@common-lisp.net>
ellerh= Helmut Eller <heller@common-lisp.net> 
eweitz=Edi Weitz <eweitz@common-lisp.net>
ewiborg=Espen Wiborg <ewiborg@common-lisp.net>
gcarncross=Geo Carncross <gcarncross@common-lisp.net>
heller=Helmut Eller <heller@common-lisp.net>
jamesjb=James Bielman <jbielman@common-lisp.net>
jbielman=James Bielman <jbielman@common-lisp.net>
jcunningham=Jeffrey Cunningham <jcunningham@common-lisp.net>
jgarcia=Juan Jose Garcia Ripoll <jgarcia@common-lisp.net>
jsnellman=Juho Snellman <jsnellman@common-lisp.net>
lgorrie=Luke Gorrie <lgorrie@common-lisp.net>
lukeg=Luke Gorrie <lgorrie@common-lisp.net>
mbaringer=Marco Baringer <mbaringer@common-lisp.net>
mkoeppe=Matthias Koeppe <mkoeppe@common-lisp.net>
msimmons=Martin Simmons <msimmons@common-lisp.net>
nsiivola=Nikodemus Siivola <nsiivola@common-lisp.net>
pseibel=Peter Seibel <pseibel@common-lisp.net>
trittweiler=Tobias C. Rittweiler <trittweiler@common-lisp.net>
vsedach=Vladimir Sedach <vsedach@common-lisp.net>
wjenkner=Wolfgang Jenkner <wjenkner@common-lisp.net>
rtoy=Raymond Toy <rtoy@comon-lisp.net>
loliveira=Luis Oliveira <loliveira@common-lisp.net>
mevenson=Mark Evenson <mevenson@common-lisp.net>
sboukarev=Stas Boukarev <sboukarev@common-lisp.net>
tnorderhaug=Terje Norderhaug <tnorderhaug@common-lisp.net>
